log_date,depots_reviewed_today,depots_reconciled_today,conflicts_flagged_today,new_electrada_depots_onboarded,combined_avg_uptime_pct,cumulative_depots_reconciled,cumulative_conflicts_identified,ai_daily_summary
06/17/2026,35,33,2,31,95.47,33,2,Processed 35 more depots today. Combined uptime now 95.47%. 9 discrepancies identified and flagged for operational review (not yet resolved).
06/18/2026,38,35,5,30,95.59,68,7,Processed 38 more depots today. Combined uptime now 95.59%. 12 discrepancies identified and flagged for operational review (not yet resolved).
06/19/2026,35,32,8,29,95.53,100,15,Processed 35 more depots today. Combined uptime now 95.47%. 9 discrepancies identified and flagged for operational review (not yet resolved)2
06/20/2026,40,38,11,28,95.66,138,26,Processed 40 depots today. Combined uptime now 95.66%. 11 discrepancies identified and flagged for operational review (not yet resolved). 
06/21/2026,35,32,7,25,95.57,170,33,Processed 35 depots today. Combined uptime now 95.57%. 7 discrepancies identified and flagged for operational review (not yet resolved). 
06/22/2026,37,37,7,25,95.36,207,40,Processed 37 depots today. Combined uptime now 95.36%. 13 discrepancies identified and flagged for operational review (not yet resolved). 
06/23/2026,35,34,8,25,95.61,241,48,Processed 35 depots today. Combined uptime now 95.61%. 9 discrepancies identified and flagged for operational review (not yet resolved). 
06/24/2026,39,38,15,25,95.44,279,63,Processed 39 depots today. Combined uptime now 95.44%. 15 discrepancies identified and flagged for operational review (not yet resolved). 
06/25/2026,35,34,10,25,95.68,313,73,Processed 35 depots today. Combined uptime now 95.68%. 10 discrepancies identified and flagged for operational review (not yet resolved). 
06/26/2026,38,37,8,26,95.55,350,81,Processed 38 depots today. Combined uptime now 95.55%. 8 discrepancies identified and flagged for operational review (not yet resolved). 
06/27/2026,36,34,11,26,95.6,384,92,Processed 36 depots today. Combined uptime now 95.60%. 11 discrepancies identified and flagged for operational review (not yet resolved). 
06/28/2026,37,36,9,26,95.41,420,101,Processed 37 depots today. Combined uptime now 95.41%. 9 discrepancies identified and flagged for operational review (not yet resolved). 
06/29/2026,40,38,12,26,95.45,458,113,Processed 40 depots today. Combined uptime now 95.58%. 12 discrepancies identified and flagged for operational review (not yet resolved). 
06/30/2026,45,45,10,28,95.5,503,123,Processed 45 depots today. Combined uptime now 95.5%. 10 discrepancies identified and flagged for operational review (not yet resolved).